Date,Word Count Total,Daily Word Count,Average Daily Word Count,Cultists,A Space Story,The Forest,The Book,The Pyramid,Monsters in the Arena,Banished/Disconnected,The Cyberjunkie,Random Tidbits,Pull YourselfTogether,The Eye,Sirens
12/29/19,489,489,489,489,,,,,,,,,,,
12/30/19,489,0,245,489,,,,,,,,,,,
12/31/19,489,0,163,489,,,,,,,,,,,
1/1/20,738,249,185,738,,,,,,,,,,,
1/2/20,738,0,148,738,,,,,,,,,,,
1/3/20,738,0,123,738,,,,,,,,,,,
1/4/20,868,130,124,868,,,,,,,,,,,
1/5/20,933,65,117,933,,,,,,,,,,,
1/6/20,933,0,104,933,,,,,,,,,,,
1/7/20,1158,225,116,1158,,,,,,,,,,,
1/8/20,1158,0,105,1158,,,,,,,,,,,
1/9/20,1457,299,121,1457,,,,,,,,,,,
1/10/20,1509,52,116,1509,,,,,,,,,,,
1/11/20,1812,303,129,1812,,,,,,,,,,,
1/12/20,2043,231,136,2043,,,,,,,,,,,
1/13/20,2043,0,128,2043,,,,,,,,,,,
1/14/20,2352,309,138,2352,,,,,,,,,,,
1/15/20,2518,166,140,2518,,,,,,,,,,,
1/16/20,2585,67,136,2585,,,,,,,,,,,
1/17/20,3073,488,154,3073,,,,,,,,,,,
1/18/20,3190,117,152,3190,,,,,,,,,,,
1/19/20,3190,0,145,3190,,,,,,,,,,,
1/20/20,3190,0,139,3190,,,,,,,,,,,
1/21/20,3190,0,133,3190,,,,,,,,,,,
1/22/20,3733,543,149,3733,,,,,,,,,,,
1/23/20,4268,535,164,4268,,,,,,,,,,,
1/24/20,4354,86,161,4354,,,,,,,,,,,
1/25/20,4900,546,175,4900,,,,,,,,,,,
1/26/20,4982,82,172,4982,,,,,,,,,,,
1/27/20,5385,403,180,5385,,,,,,,,,,,
1/28/20,5871,486,189,5871,,,,,,,,,,,
1/29/20,6064,193,190,6064,,,,,,,,,,,
1/30/20,6064,0,184,6064,,,,,,,,,,,
1/31/20,6112,48,180,6112,,,,,,,,,,,
2/1/20,6614,502,189,6614,,,,,,,,,,,
2/2/20,7134,520,198,7134,,,,,,,,,,,
2/3/20,7134,0,193,7134,,,,,,,,,,,
2/4/20,7134,0,188,7134,,,,,,,,,,,
2/5/20,7166,32,184,7166,,,,,,,,,,,
2/6/20,7166,0,179,7166,,,,,,,,,,,
2/7/20,7166,0,175,7166,,,0,,,,,,,,
2/8/20,7413,247,177,7166,,,247,,,,,,,,
2/9/20,7413,0,172,7166,,,247,,,,,,,,
2/10/20,8201,788,186,7166,,,1035,,,,,,,,
2/11/20,8709,508,194,7166,,,1543,,,,,,,,
2/12/20,9016,307,196,7166,,,1850,,,,,,,,
2/13/20,9016,0,192,7166,,,1850,,,,,,,,
2/14/20,9547,531,199,7166,,,2381,,,,,,,,
2/15/20,10047,500,205,7166,,,2881,,,,,,,,
2/16/20,10559,512,211,7166,,,3393,,,,,,,,
2/17/20,10559,0,207,7166,,,3393,,,,,,,,
2/18/20,10559,0,203,7166,,,3393,,,,,,,,
2/19/20,10628,69,201,7166,,,3462,,,,,,,,
2/20/20,11194,566,207,7166,,,4028,,,,,,,,
2/21/20,11851,657,215,7166,,,4685,,,,,,,,
2/22/20,11851,0,212,7166,,,4685,,,,,,,,
2/23/20,11851,0,208,7166,,,4685,,,,,,,,
2/24/20,11851,0,204,7166,,,4685,,,,,,,,
2/25/20,11851,0,201,7166,,,4685,,,,,,,,
2/26/20,12361,510,206,7166,,,5195,,,,,,,,
2/27/20,12893,532,211,7166,,,5727,,,,,,,,
2/28/20,13166,273,212,7166,,,6000,,,,,,,,
2/29/20,13491,325,214,7166,,,6325,,,,,,,,
3/1/20,13491,0,211,7166,,,6325,,,,,,,,
3/2/20,13491,0,208,7166,,,6325,,,,,,,,
3/3/20,13776,285,209,7166,,,6610,,,,,,,,
3/4/20,13983,207,209,7166,,,6817,,,,,,,,
3/5/20,14715,732,216,7166,,,7549,,,,,,,,
3/6/20,14848,133,215,7166,,,7682,,,,,,,,
3/7/20,14848,0,212,7166,,,7682,,,,,,,,
3/8/20,14848,0,209,7166,,,7682,,,,,,,,
3/9/20,14848,0,206,7166,,,7682,,,,,,,,
3/10/20,14848,0,203,7166,,,7682,,,,,,,,
3/11/20,14848,0,201,7166,,,7682,,,,,,,,
3/12/20,14970,122,200,7166,,,7804,,0,,,,,,
3/13/20,15697,727,207,7166,,,8444,,87,,,,,,
3/14/20,16601,904,216,7166,,,8783,,652,,,,,,
3/15/20,18569,1968,238,7166,,,8783,,2620,,,,,,
3/16/20,20329,1760,257,7166,,,8783,,4380,,,,,,
3/17/20,20329,0,254,7166,,,8783,,4380,,,,,,
3/18/20,20490,161,253,7166,,,8783,,4541,,,,,,
3/19/20,22099,1609,270,7166,,,8783,,6150,,,,,,
3/20/20,23689,1590,285,7166,,,8783,,7740,,,,,,
3/21/20,24684,995,294,7166,,,8783,,8735,,,,,,
3/22/20,24684,0,290,7166,,,8783,,8735,,,,,,
3/23/20,25219,535,293,7166,,,8783,,9270,,,,,,
3/24/20,26159,940,301,7166,,,8783,,10210,,,,,,
3/25/20,27099,940,308,7166,,,8783,,11150,,,,,,
3/26/20,27575,476,310,7166,,,8783,,11626,,,,,,
3/27/20,28218,643,314,7166,,0,8783,,12269,,,,,,
3/28/20,29716,1498,327,7166,,900,8783,,12867,,,,,,
3/29/20,31304,1588,340,7166,,2488,8783,,12867,,,,,,
3/30/20,31973,669,344,7166,,3157,8783,0,12867,,,,,,
3/31/20,32475,502,345,7166,,3157,8783,502,12867,,,,,,
4/1/20,32475,0,342,7166,,3157,8783,502,12867,,,,,,
4/2/20,32475,0,338,7166,,3157,8783,502,12867,,,,,,
4/3/20,32475,0,335,7166,,3157,8783,502,12867,,,,,,
4/4/20,33196,721,339,7166,,3157,8783,1223,12867,,,,,,
4/5/20,34433,1237,348,7166,,3157,8783,2460,12867,,,,,,
4/6/20,35377,944,354,7166,0,3157,8783,3404,12867,,,,,,
4/7/20,35920,543,356,7166,543,3157,8783,3404,12867,,,,,,
4/8/20,36593,673,359,7166,1216,3157,8783,3404,12867,0,,,,,
4/9/20,37603,1010,365,7166,1558,3157,8783,3404,12867,668,,,,,
4/10/20,37603,0,362,7166,1558,3157,8783,3404,12867,668,,,,,
4/11/20,37814,211,360,7166,1558,3157,8783,3404,12867,879,,,,,
4/12/20,39658,1844,374,7166,1558,3157,8783,3404,12867,2723,,,,,
4/13/20,40442,784,378,7166,1558,3157,8783,3404,12867,3507,,,,,
4/14/20,40442,0,374,7166,1558,3157,8783,3404,12867,3507,,,,,
4/15/20,40596,154,372,7166,1558,3157,8783,3404,12867,3661,,,,,
4/16/20,41498,902,377,7166,1558,3157,8783,3404,12867,4563,,,,,
4/17/20,42695,1197,385,7166,1558,3157,8783,3404,12867,5760,,,,,
4/18/20,42695,0,381,7166,1558,3157,8783,3404,12867,5760,,,,,
4/19/20,42695,0,378,7166,1558,3157,8783,3404,12867,5760,,,,,
4/20/20,42695,0,375,7166,1558,3157,8783,3404,12867,5760,,,,,
4/21/20,43252,557,376,7166,1558,3157,8783,3404,12867,6317,0,,,,
4/22/20,43682,430,377,7166,1558,3157,8783,3404,12867,6400,347,,,,
4/23/20,43682,0,373,7166,1558,3157,8783,3404,12867,6400,347,,,,
4/24/20,44191,509,375,7166,1558,3157,8783,3404,12867,6400,856,0,,,
4/25/20,44524,333,374,7166,1558,3157,8783,3404,12867,6400,856,333,,,
4/26/20,44524,0,371,7166,1558,3157,8783,3404,12867,6400,856,333,,,
4/27/20,44524,0,368,7166,1558,3157,8783,3404,12867,6400,856,333,,,
4/28/20,44999,475,369,7166,1558,3157,8783,3404,12867,6400,856,808,,,
4/29/20,45014,15,366,7166,1558,3157,8783,3404,12867,6400,856,823,,,
4/30/20,45014,0,363,7166,1558,3157,8783,3404,12867,6400,856,823,,,
5/1/20,45014,0,360,7166,1558,3157,8783,3404,12867,6400,856,823,,,
5/2/20,45014,0,357,7166,1558,3157,8783,3404,12867,6400,856,823,,,
5/3/20,45014,0,354,7166,1558,3157,8783,3404,12867,6400,856,823,,,
5/4/20,45014,0,352,7166,1558,3157,8783,3404,12867,6400,856,823,,,
5/5/20,45014,0,349,7166,1558,3157,8783,3404,12867,6400,856,823,,,
5/6/20,45014,0,346,7166,1558,3157,8783,3404,12867,6400,856,823,,,
5/7/20,45014,0,344,7166,1558,3157,8783,3404,12867,6400,856,823,,,
5/8/20,45014,0,341,7166,1558,3157,8783,3404,12867,6400,856,823,,,
5/9/20,45014,0,338,7166,1558,3157,8783,3404,12867,6400,856,823,,,
5/10/20,45014,0,336,7166,1558,3157,8783,3404,12867,6400,856,823,,,
5/11/20,45014,0,333,7166,1558,3157,8783,3404,12867,6400,856,823,,,
5/12/20,45014,0,331,7166,1558,3157,8783,3404,12867,6400,856,823,,,
5/13/20,45014,0,329,7166,1558,3157,8783,3404,12867,6400,856,823,,,
5/14/20,45014,0,326,7166,1558,3157,8783,3404,12867,6400,856,823,,,
5/15/20,45014,0,324,7166,1558,3157,8783,3404,12867,6400,856,823,,,
5/16/20,45014,0,322,7166,1558,3157,8783,3404,12867,6400,856,823,,,
5/17/20,45014,0,319,7166,1558,3157,8783,3404,12867,6400,856,823,,,
5/18/20,45014,0,317,7166,1558,3157,8783,3404,12867,6400,856,823,,,
5/19/20,45014,0,315,7166,1558,3157,8783,3404,12867,6400,856,823,,,
5/20/20,45014,0,313,7166,1558,3157,8783,3404,12867,6400,856,823,,,
5/21/20,45014,0,310,7166,1558,3157,8783,3404,12867,6400,856,823,,,
5/22/20,45014,0,308,7166,1558,3157,8783,3404,12867,6400,856,823,,,
5/23/20,45014,0,306,7166,1558,3157,8783,3404,12867,6400,856,823,,,
5/24/20,45014,0,304,7166,1558,3157,8783,3404,12867,6400,856,823,,,
5/25/20,45014,0,302,7166,1558,3157,8783,3404,12867,6400,856,823,,,
5/26/20,45014,0,300,7166,1558,3157,8783,3404,12867,6400,856,823,,,
5/27/20,45014,0,298,7166,1558,3157,8783,3404,12867,6400,856,823,,,
5/28/20,45014,0,296,7166,1558,3157,8783,3404,12867,6400,856,823,,,
5/29/20,45014,0,294,7166,1558,3157,8783,3404,12867,6400,856,823,,,
5/30/20,45014,0,292,7166,1558,3157,8783,3404,12867,6400,856,823,,,
5/31/20,45014,0,290,7166,1558,3157,8783,3404,12867,6400,856,823,,,
6/1/20,45014,0,289,7166,1558,3157,8783,3404,12867,6400,856,823,,,
6/2/20,45014,0,287,7166,1558,3157,8783,3404,12867,6400,856,823,,,
6/3/20,45014,0,285,7166,1558,3157,8783,3404,12867,6400,856,823,,,
6/4/20,45014,0,283,7166,1558,3157,8783,3404,12867,6400,856,823,,,
6/5/20,45014,0,281,7166,1558,3157,8783,3404,12867,6400,856,823,,,
6/6/20,45014,0,280,7166,1558,3157,8783,3404,12867,6400,856,823,,,
6/7/20,45014,0,278,7166,1558,3157,8783,3404,12867,6400,856,823,,,
6/8/20,45014,0,276,7166,1558,3157,8783,3404,12867,6400,856,823,,,
6/9/20,45014,0,274,7166,1558,3157,8783,3404,12867,6400,856,823,,,
6/10/20,45014,0,273,7166,1558,3157,8783,3404,12867,6400,856,823,,,
6/11/20,45014,0,271,7166,1558,3157,8783,3404,12867,6400,856,823,,,
6/12/20,45014,0,270,7166,1558,3157,8783,3404,12867,6400,856,823,,,
6/13/20,45014,0,268,7166,1558,3157,8783,3404,12867,6400,856,823,,,
6/14/20,45014,0,266,7166,1558,3157,8783,3404,12867,6400,856,823,,,
6/15/20,45014,0,265,7166,1558,3157,8783,3404,12867,6400,856,823,,,
6/16/20,45014,0,263,7166,1558,3157,8783,3404,12867,6400,856,823,,,
6/17/20,45014,0,262,7166,1558,3157,8783,3404,12867,6400,856,823,,,
6/18/20,45014,0,260,7166,1558,3157,8783,3404,12867,6400,856,823,,,
6/19/20,45014,0,259,7166,1558,3157,8783,3404,12867,6400,856,823,,,
6/20/20,45014,0,257,7166,1558,3157,8783,3404,12867,6400,856,823,,,
6/21/20,45014,0,256,7166,1558,3157,8783,3404,12867,6400,856,823,,,
6/22/20,45014,0,254,7166,1558,3157,8783,3404,12867,6400,856,823,,,
6/23/20,45014,0,253,7166,1558,3157,8783,3404,12867,6400,856,823,,,
6/24/20,45014,0,251,7166,1558,3157,8783,3404,12867,6400,856,823,,,
6/25/20,45014,0,250,7166,1558,3157,8783,3404,12867,6400,856,823,,,
6/26/20,45014,0,249,7166,1558,3157,8783,3404,12867,6400,856,823,,,
6/27/20,45014,0,247,7166,1558,3157,8783,3404,12867,6400,856,823,,,
6/28/20,45014,0,246,7166,1558,3157,8783,3404,12867,6400,856,823,,,
6/29/20,45014,0,245,7166,1558,3157,8783,3404,12867,6400,856,823,,,
6/30/20,45014,0,243,7166,1558,3157,8783,3404,12867,6400,856,823,,,
7/1/20,45014,0,242,7166,1558,3157,8783,3404,12867,6400,856,823,,,
7/2/20,45014,0,241,7166,1558,3157,8783,3404,12867,6400,856,823,,,
7/3/20,45014,0,239,7166,1558,3157,8783,3404,12867,6400,856,823,,,
7/4/20,45014,0,238,7166,1558,3157,8783,3404,12867,6400,856,823,,,
7/5/20,45014,0,237,7166,1558,3157,8783,3404,12867,6400,856,823,,,
7/6/20,45014,0,236,7166,1558,3157,8783,3404,12867,6400,856,823,,,
7/7/20,45014,0,234,7166,1558,3157,8783,3404,12867,6400,856,823,,,
7/8/20,45014,0,233,7166,1558,3157,8783,3404,12867,6400,856,823,,,
7/9/20,45014,0,232,7166,1558,3157,8783,3404,12867,6400,856,823,,,
7/10/20,45014,0,231,7166,1558,3157,8783,3404,12867,6400,856,823,,,
7/11/20,45014,0,230,7166,1558,3157,8783,3404,12867,6400,856,823,,,
7/12/20,45014,0,228,7166,1558,3157,8783,3404,12867,6400,856,823,,,
7/13/20,45014,0,227,7166,1558,3157,8783,3404,12867,6400,856,823,,,
7/14/20,45014,0,226,7166,1558,3157,8783,3404,12867,6400,856,823,,,
7/15/20,45014,0,225,7166,1558,3157,8783,3404,12867,6400,856,823,,,
7/16/20,45014,0,224,7166,1558,3157,8783,3404,12867,6400,856,823,,,
7/17/20,45014,0,223,7166,1558,3157,8783,3404,12867,6400,856,823,,,
7/18/20,45014,0,222,7166,1558,3157,8783,3404,12867,6400,856,823,,,
7/19/20,45014,0,221,7166,1558,3157,8783,3404,12867,6400,856,823,,,
7/20/20,45014,0,220,7166,1558,3157,8783,3404,12867,6400,856,823,,,
7/21/20,45014,0,219,7166,1558,3157,8783,3404,12867,6400,856,823,,,
7/22/20,45014,0,217,7166,1558,3157,8783,3404,12867,6400,856,823,,,
7/23/20,45014,0,216,7166,1558,3157,8783,3404,12867,6400,856,823,,,
7/24/20,45014,0,215,7166,1558,3157,8783,3404,12867,6400,856,823,,,
7/25/20,45014,0,214,7166,1558,3157,8783,3404,12867,6400,856,823,,,
7/26/20,45014,0,213,7166,1558,3157,8783,3404,12867,6400,856,823,,,
7/27/20,45014,0,212,7166,1558,3157,8783,3404,12867,6400,856,823,,,
7/28/20,45014,0,211,7166,1558,3157,8783,3404,12867,6400,856,823,,,
7/29/20,45014,0,210,7166,1558,3157,8783,3404,12867,6400,856,823,,,
7/30/20,45014,0,209,7166,1558,3157,8783,3404,12867,6400,856,823,,,
7/31/20,45014,0,208,7166,1558,3157,8783,3404,12867,6400,856,823,,,
8/1/20,45014,0,207,7166,1558,3157,8783,3404,12867,6400,856,823,,,
8/2/20,45014,0,206,7166,1558,3157,8783,3404,12867,6400,856,823,,,
8/3/20,45014,0,206,7166,1558,3157,8783,3404,12867,6400,856,823,,,
8/4/20,45014,0,205,7166,1558,3157,8783,3404,12867,6400,856,823,,,
8/5/20,45014,0,204,7166,1558,3157,8783,3404,12867,6400,856,823,,,
8/6/20,45014,0,203,7166,1558,3157,8783,3404,12867,6400,856,823,,,
8/7/20,45014,0,202,7166,1558,3157,8783,3404,12867,6400,856,823,,,
8/8/20,45014,0,201,7166,1558,3157,8783,3404,12867,6400,856,823,,,
8/9/20,45014,0,200,7166,1558,3157,8783,3404,12867,6400,856,823,,,
8/10/20,45014,0,199,7166,1558,3157,8783,3404,12867,6400,856,823,,,
8/11/20,45014,0,198,7166,1558,3157,8783,3404,12867,6400,856,823,,,
8/12/20,45014,0,197,7166,1558,3157,8783,3404,12867,6400,856,823,,,
8/13/20,45014,0,197,7166,1558,3157,8783,3404,12867,6400,856,823,,,
8/14/20,45061,47,196,7213,1558,3157,8783,3404,12867,6400,856,823,,,
8/15/20,45061,0,195,7213,1558,3157,8783,3404,12867,6400,856,823,,,
8/16/20,45061,0,194,7213,1558,3157,8783,3404,12867,6400,856,823,,,
8/17/20,45061,0,193,7213,1558,3157,8783,3404,12867,6400,856,823,,,
8/18/20,45061,0,193,7213,1558,3157,8783,3404,12867,6400,856,823,,,
8/19/20,45061,0,192,7213,1558,3157,8783,3404,12867,6400,856,823,,,
8/20/20,45061,0,191,7213,1558,3157,8783,3404,12867,6400,856,823,,,
8/21/20,45061,0,190,7213,1558,3157,8783,3404,12867,6400,856,823,,,
8/22/20,45061,0,189,7213,1558,3157,8783,3404,12867,6400,856,823,,,
8/23/20,45061,0,189,7213,1558,3157,8783,3404,12867,6400,856,823,,,
8/24/20,45061,0,188,7213,1558,3157,8783,3404,12867,6400,856,823,,,
8/25/20,45061,0,187,7213,1558,3157,8783,3404,12867,6400,856,823,,,
8/26/20,45061,0,186,7213,1558,3157,8783,3404,12867,6400,856,823,,,
8/27/20,45061,0,185,7213,1558,3157,8783,3404,12867,6400,856,823,,,
8/28/20,45061,0,185,7213,1558,3157,8783,3404,12867,6400,856,823,,,
8/29/20,45061,0,184,7213,1558,3157,8783,3404,12867,6400,856,823,,,
8/30/20,45061,0,183,7213,1558,3157,8783,3404,12867,6400,856,823,,,
8/31/20,45061,0,182,7213,1558,3157,8783,3404,12867,6400,856,823,,,
9/1/20,45061,0,182,7213,1558,3157,8783,3404,12867,6400,856,823,,,
9/2/20,45061,0,181,7213,1558,3157,8783,3404,12867,6400,856,823,,,
9/3/20,45061,0,180,7213,1558,3157,8783,3404,12867,6400,856,823,,,
9/4/20,45061,0,180,7213,1558,3157,8783,3404,12867,6400,856,823,,,
9/5/20,45061,0,179,7213,1558,3157,8783,3404,12867,6400,856,823,,,
9/6/20,45061,0,178,7213,1558,3157,8783,3404,12867,6400,856,823,,,
9/7/20,45061,0,177,7213,1558,3157,8783,3404,12867,6400,856,823,,,
9/8/20,45061,0,177,7213,1558,3157,8783,3404,12867,6400,856,823,,,
9/9/20,45061,0,176,7213,1558,3157,8783,3404,12867,6400,856,823,,,
9/10/20,45061,0,175,7213,1558,3157,8783,3404,12867,6400,856,823,,,
9/11/20,45061,0,175,7213,1558,3157,8783,3404,12867,6400,856,823,,,
9/12/20,45061,0,174,7213,1558,3157,8783,3404,12867,6400,856,823,,,
9/13/20,45061,0,173,7213,1558,3157,8783,3404,12867,6400,856,823,,,
9/14/20,45061,0,173,7213,1558,3157,8783,3404,12867,6400,856,823,,,
9/15/20,45061,0,172,7213,1558,3157,8783,3404,12867,6400,856,823,,,
9/16/20,45061,0,171,7213,1558,3157,8783,3404,12867,6400,856,823,,,
9/17/20,45061,0,171,7213,1558,3157,8783,3404,12867,6400,856,823,,,
9/18/20,45061,0,170,7213,1558,3157,8783,3404,12867,6400,856,823,,,
9/19/20,45061,0,169,7213,1558,3157,8783,3404,12867,6400,856,823,,,
9/20/20,45061,0,169,7213,1558,3157,8783,3404,12867,6400,856,823,,,
9/21/20,45061,0,168,7213,1558,3157,8783,3404,12867,6400,856,823,,,
9/22/20,45061,0,168,7213,1558,3157,8783,3404,12867,6400,856,823,,,
9/23/20,45061,0,167,7213,1558,3157,8783,3404,12867,6400,856,823,,,
9/24/20,45061,0,166,7213,1558,3157,8783,3404,12867,6400,856,823,,,
9/25/20,45061,0,166,7213,1558,3157,8783,3404,12867,6400,856,823,,,
9/26/20,45061,0,165,7213,1558,3157,8783,3404,12867,6400,856,823,,,
9/27/20,45061,0,164,7213,1558,3157,8783,3404,12867,6400,856,823,,,
9/28/20,45061,0,164,7213,1558,3157,8783,3404,12867,6400,856,823,,,
9/29/20,45061,0,163,7213,1558,3157,8783,3404,12867,6400,856,823,,,
9/30/20,45061,0,163,7213,1558,3157,8783,3404,12867,6400,856,823,,,
10/1/20,45061,0,162,7213,1558,3157,8783,3404,12867,6400,856,823,,,
10/2/20,45061,0,162,7213,1558,3157,8783,3404,12867,6400,856,823,,,
10/3/20,45061,0,161,7213,1558,3157,8783,3404,12867,6400,856,823,,,
10/4/20,45061,0,160,7213,1558,3157,8783,3404,12867,6400,856,823,,,
10/5/20,45061,0,160,7213,1558,3157,8783,3404,12867,6400,856,823,,,
10/6/20,45061,0,159,7213,1558,3157,8783,3404,12867,6400,856,823,,,
10/7/20,45061,0,159,7213,1558,3157,8783,3404,12867,6400,856,823,,,
10/8/20,45061,0,158,7213,1558,3157,8783,3404,12867,6400,856,823,,,
10/9/20,45061,0,158,7213,1558,3157,8783,3404,12867,6400,856,823,,,
10/10/20,45061,0,157,7213,1558,3157,8783,3404,12867,6400,856,823,,,
10/11/20,45061,0,156,7213,1558,3157,8783,3404,12867,6400,856,823,,,
10/12/20,45061,0,156,7213,1558,3157,8783,3404,12867,6400,856,823,,,
10/13/20,45061,0,155,7213,1558,3157,8783,3404,12867,6400,856,823,,,
10/14/20,45061,0,155,7213,1558,3157,8783,3404,12867,6400,856,823,,,
10/15/20,45061,0,154,7213,1558,3157,8783,3404,12867,6400,856,823,,,
10/16/20,45061,0,154,7213,1558,3157,8783,3404,12867,6400,856,823,,,
10/17/20,45061,0,153,7213,1558,3157,8783,3404,12867,6400,856,823,,,
10/18/20,45061,0,153,7213,1558,3157,8783,3404,12867,6400,856,823,,,
10/19/20,45061,0,152,7213,1558,3157,8783,3404,12867,6400,856,823,,,
10/20/20,45061,0,152,7213,1558,3157,8783,3404,12867,6400,856,823,,,
10/21/20,45061,0,151,7213,1558,3157,8783,3404,12867,6400,856,823,,,
10/22/20,45061,0,151,7213,1558,3157,8783,3404,12867,6400,856,823,,,
10/23/20,45061,0,150,7213,1558,3157,8783,3404,12867,6400,856,823,,,
10/24/20,45061,0,150,7213,1558,3157,8783,3404,12867,6400,856,823,,,
10/25/20,45061,0,149,7213,1558,3157,8783,3404,12867,6400,856,823,,,
10/26/20,45061,0,149,7213,1558,3157,8783,3404,12867,6400,856,823,,,
10/27/20,45061,0,148,7213,1558,3157,8783,3404,12867,6400,856,823,,,
10/28/20,45061,0,148,7213,1558,3157,8783,3404,12867,6400,856,823,,,
10/29/20,45061,0,147,7213,1558,3157,8783,3404,12867,6400,856,823,,,
10/30/20,45061,0,147,7213,1558,3157,8783,3404,12867,6400,856,823,,,
10/31/20,45061,0,146,7213,1558,3157,8783,3404,12867,6400,856,823,,,
11/1/20,45061,0,146,7213,1558,3157,8783,3404,12867,6400,856,823,,,
11/2/20,45061,0,145,7213,1558,3157,8783,3404,12867,6400,856,823,,,
11/3/20,45061,0,145,7213,1558,3157,8783,3404,12867,6400,856,823,,,
11/4/20,45061,0,144,7213,1558,3157,8783,3404,12867,6400,856,823,,,
11/5/20,45361,300,145,7213,1558,3157,8783,3404,12867,6700,856,823,,,
11/6/20,45585,224,145,7213,1558,3157,8783,3404,12867,6924,856,823,,,
11/7/20,45585,0,145,7213,1558,3157,8783,3404,12867,6924,856,823,,,
11/8/20,45585,0,144,7213,1558,3157,8783,3404,12867,6924,856,823,,,
11/9/20,45585,0,144,7213,1558,3157,8783,3404,12867,6924,856,823,,,
11/10/20,45647,62,144,7213,1558,3157,8783,3404,12867,6986,856,823,,,
11/11/20,45703,56,143,7213,1558,3157,8783,3404,12867,7042,856,823,,,
11/12/20,46252,549,145,7213,1558,3157,8783,3404,12867,7591,856,823,,,
11/13/20,46599,347,145,7213,1558,3157,8783,3404,12867,7664,1130,823,,,
11/14/20,46787,188,145,7213,1558,3157,8783,3404,12867,7664,1318,823,,,
11/15/20,46787,0,145,7213,1558,3157,8783,3404,12867,7664,1318,823,,,
11/16/20,46946,159,145,7213,1558,3157,8783,3404,12867,7664,1477,823,,,
11/17/20,47999,1053,148,7213,1558,3157,8783,3404,12867,7664,2530,823,,,
11/18/20,47999,0,147,7213,1558,3157,8783,3404,12867,7664,2530,823,,,
11/19/20,48113,114,147,7213,1558,3157,8783,3404,12867,7664,2644,823,,,
11/20/20,48136,23,147,7213,1558,3157,8783,3404,12867,7664,2667,823,,,
11/21/20,48606,470,148,7213,1558,3157,8783,3404,12867,7664,3137,823,,,
11/22/20,48746,140,148,7213,1558,3157,8783,3404,12867,7664,3277,823,,,
11/23/20,48746,0,147,7213,1558,3157,8783,3404,12867,7664,3277,823,,,
11/24/20,48746,0,147,7213,1558,3157,8783,3404,12867,7664,3277,823,,,
11/25/20,48746,0,146,7213,1558,3157,8783,3404,12867,7664,3277,823,,,
11/26/20,48746,0,146,7213,1558,3157,8783,3404,12867,7664,3277,823,,,
11/27/20,48746,0,146,7213,1558,3157,8783,3404,12867,7664,3277,823,,,
11/28/20,48746,0,145,7213,1558,3157,8783,3404,12867,7664,3277,823,,,
11/29/20,48746,0,145,7213,1558,3157,8783,3404,12867,7664,3277,823,,,
11/30/20,48746,0,144,7213,1558,3157,8783,3404,12867,7664,3277,823,,,
12/1/20,48746,0,144,7213,1558,3157,8783,3404,12867,7664,3277,823,,,
12/2/20,48746,0,143,7213,1558,3157,8783,3404,12867,7664,3277,823,,,
12/3/20,48746,0,143,7213,1558,3157,8783,3404,12867,7664,3277,823,,,
12/4/20,48746,0,143,7213,1558,3157,8783,3404,12867,7664,3277,823,,,0
12/5/20,49332,586,144,7213,1558,3157,8783,3404,12867,7664,3277,823,,,586
12/6/20,49332,0,143,7213,1558,3157,8783,3404,12867,7664,3277,823,,,586
12/7/20,49332,0,143,7213,1558,3157,8783,3404,12867,7664,3277,823,,,586
12/8/20,49332,0,143,7213,1558,3157,8783,3404,12867,7664,3277,823,,,586
12/9/20,49332,0,142,7213,1558,3157,8783,3404,12867,7664,3277,823,,,586
12/10/20,49332,0,142,7213,1558,3157,8783,3404,12867,7664,3277,823,,,586
12/11/20,49332,0,141,7213,1558,3157,8783,3404,12867,7664,3277,823,,,586
12/12/20,49332,0,141,7213,1558,3157,8783,3404,12867,7664,3277,823,,,586
12/13/20,49332,0,141,7213,1558,3157,8783,3404,12867,7664,3277,823,,,586
12/14/20,49332,0,140,7213,1558,3157,8783,3404,12867,7664,3277,823,,,586
12/15/20,49332,0,140,7213,1558,3157,8783,3404,12867,7664,3277,823,,,586
12/16/20,49332,0,139,7213,1558,3157,8783,3404,12867,7664,3277,823,,,586
12/17/20,49332,0,139,7213,1558,3157,8783,3404,12867,7664,3277,823,,,586
12/18/20,49332,0,139,7213,1558,3157,8783,3404,12867,7664,3277,823,,,586
12/19/20,49332,0,138,7213,1558,3157,8783,3404,12867,7664,3277,823,,,586
12/20/20,49332,0,138,7213,1558,3157,8783,3404,12867,7664,3277,823,,,586
12/21/20,49332,0,137,7213,1558,3157,8783,3404,12867,7664,3277,823,,,586
12/22/20,49332,0,137,7213,1558,3157,8783,3404,12867,7664,3277,823,,,586
12/23/20,49332,0,137,7213,1558,3157,8783,3404,12867,7664,3277,823,,,586
12/24/20,49332,0,136,7213,1558,3157,8783,3404,12867,7664,3277,823,,,586
12/25/20,49332,0,136,7213,1558,3157,8783,3404,12867,7664,3277,823,,,586
12/26/20,49332,0,136,7213,1558,3157,8783,3404,12867,7664,3277,823,,,586
12/27/20,49332,0,135,7213,1558,3157,8783,3404,12867,7664,3277,823,,,586
12/28/20,49332,0,135,7213,1558,3157,8783,3404,12867,7664,3277,823,,,586
12/29/20,49332,0,134,7213,1558,3157,8783,3404,12867,7664,3277,823,,,586
12/30/20,49332,0,134,7213,1558,3157,8783,3404,12867,7664,3277,823,,,586
12/31/20,49332,0,134,7213,1558,3157,8783,3404,12867,7664,3277,823,,,586
1/1/21,49332,0,133,7213,1558,3157,8783,3404,12867,7664,3277,823,,,586